reviewer,rating,review_text,date,movie_name
clara_horror,★★,Watchable film with some notable scenes but overall inconsistent.,2024-05-01,Gone Girl
mona_streaming,★,Could not stand watching this. Turned it off halfway.,2024-03-11,Gone Girl
julia_viewer,★★★★,Highly engaging from start to finish. Would definitely watch again.,2024-10-10,Gone Girl
iris_experimental,★★★★,Had potential and delivered reasonably well in most areas.,2024-11-07,Gone Girl
paul_story,★★★★,Incredible storytelling and outstanding performances throughout. Highly recommended!,2024-04-16,Gone Girl
charlie_fan,★★★★,Good movie with solid performances and decent storyline. Worth watching.,2024-03-03,Gone Girl
henry_modern,★,Absolutely awful. One of the worst films I have ever seen.,2024-10-06,Gone Girl
yara_adventure,★,Really bad film. Poorly paced and lacked any real substance or meaning.,2024-01-25,Gone Girl
diana_lover,★★,Waste of time. Poor plot and unconvincing characters made it hard to enjoy.,2024-04-04,Gone Girl
amy_romance,★★★,Pretty entertaining. Not groundbreaking but worth your time.,2024-03-27,Gone Girl
victor_dramatic,★★★★★,Best film I've seen in a long time. Absolutely fantastic.,2024-10-22,Gone Girl
alice_film,★★★,It was okay. Some parts were really good but others felt slow.,2024-01-01,Gone Girl
fiona_buff,★★★,Watchable film with some notable scenes but overall inconsistent.,2024-06-06,Gone Girl
wendy_comedy,★★★★,Highly engaging from start to finish. Would definitely watch again.,2024-11-23,Gone Girl
oscar_visual,★★★,Good movie with solid performances and decent storyline. Worth watching.,2024-03-15,Gone Girl
sam_production,★★★★,Excellent film with compelling narrative and great character development.,2024-07-19,Gone Girl
frank_blockbuster,★★★,Interesting concept but could have been executed better.,2024-08-04,Gone Girl
kevin_pro,★★★★★,Well-crafted with excellent acting and a captivating story.,2024-11-11,Gone Girl
nancy_screen,★★★,Average film. Not bad but nothing particularly special or memorable either.,2024-02-14,Gone Girl
jack_documentary,★★★★★,Excellent film with compelling narrative and great character development.,2024-12-08,Gone Girl
emma_indie,★★,Mixed feelings. Good ideas but poor execution in several parts.,2024-07-03,Gone Girl
bob_critic,★★★★★,Simply wonderful! Loved every minute of it.,2024-02-02,Gone Girl
hannah_enthusiast,★★★★,Stunning cinematography and brilliant direction. A must-watch!,2024-08-08,Gone Girl
evan_watcher,★★★,Good movie with solid performances and decent storyline. Worth watching.,2024-05-05,Gone Girl
mike_cinema,★★★★,Amazing visual effects combined with perfect storytelling.,2024-01-13,Gone Girl
liam_episode,★★★★,Stunning cinematography and brilliant direction. A must-watch!,2024-02-10,Gone Girl
laura_movie,★★★★,Best film I've seen in a long time. Absolutely fantastic.,2024-12-12,Gone Girl
tina_award,★★★★,Stunning cinematography and brilliant direction. A must-watch!,2024-08-20,Gone Girl
quinn_direction,★★,Terrible execution of an already weak concept.,2024-05-17,Gone Girl
kate_series,★,Disappointed by this one. Started strong but lost momentum halfway through.,2024-01-09,Gone Girl
george_geek,★★★★★,Amazing visual effects combined with perfect storytelling.,2024-07-07,Gone Girl
uriel_artistic,★★★,Watchable film with some notable scenes but overall inconsistent.,2024-09-21,Gone Girl
xavier_thriller,★,Could not stand watching this. Turned it off halfway.,2024-12-24,Gone Girl
david_animation,★,Deeply flawed in every way. Do not recommend to anyone.,2024-06-02,Gone Girl
rachel_actor,★★★,Not perfect but entertaining enough for a casual watch.,2024-06-18,Gone Girl
zack_scifi,★★★★,This film exceeded my expectations. Absolutely phenomenal in every way.,2024-02-26,Gone Girl
gina_classic,★★★★,Really enjoyed this. Great entertainment value and emotional depth.,2024-09-05,Gone Girl
brian_mystery,★★★★,Great film with excellent pacing and interesting plot twists.,2024-04-28,Gone Girl
noah_digital,★,Absolutely awful. One of the worst films I have ever seen.,2024-04-12,Gone Girl
ivan_admirer,★★★,Mixed feelings. Good ideas but poor execution in several parts.,2024-09-09,Gone Girl
